{
    "name": "pornhosts -- a consolidated anti porn hosts file",
    "description": "This is an endeavour to find all porn domains and compile them into a single hosts to allow for easy blocking of porn on your local machine or on a network.",
    "homeurl": "https://github.com/Clefspeare13/pornhosts",
    "frequency": "occasional",
    "issues": "https://github.com/Clefspeare13/pornhosts/issues",
    "url": "https://raw.githubusercontent.com/Clefspeare13/pornhosts/master/0.0.0.0/hosts",
    "license": "MIT"
}
